{"cameraMode":{"drawMode":0,"name":"Shaded","section":"Shading Mode"},"sceneLighting":true,"audioPlay":false,"sceneViewState":{"m_AlwaysRefresh":false,"showFog":true,"showSkybox":true,"showFlares":true,"showImageEffects":true,"showParticleSystems":true,"showVisualEffectGraphs":true,"m_FxEnabled":true},"in2DMode":false,"pivot":{"x":1.3612141609191895,"y":0.3270527124404907,"z":21.667675018310548},"rotation":{"x":0.08332887291908264,"y":-0.8295679092407227,"z":0.1286846101284027,"w":0.5370143055915833},"size":3.2832038402557375,"orthographic":false}