{"cameraMode":{"drawMode":0,"name":"Shaded","section":"Shading Mode"},"sceneLighting":false,"audioPlay":false,"sceneViewState":{"m_AlwaysRefresh":false,"showFog":true,"showSkybox":true,"showFlares":true,"showImageEffects":true,"showParticleSystems":true,"showVisualEffectGraphs":true,"m_FxEnabled":true},"in2DMode":false,"pivot":{"x":10.048683166503907,"y":4.3684234619140629,"z":-20.0911808013916},"rotation":{"x":0.31293994188308718,"y":0.37777411937713625,"z":-0.13785091042518617,"w":0.8607088327407837},"size":13.194873809814454,"orthographic":false}