{"cameraMode":{"drawMode":0,"name":"Shaded","section":"Shading Mode"},"sceneLighting":false,"audioPlay":false,"sceneViewState":{"m_AlwaysRefresh":false,"showFog":true,"showSkybox":true,"showFlares":true,"showImageEffects":true,"showParticleSystems":true,"showVisualEffectGraphs":true,"m_FxEnabled":true},"in2DMode":false,"pivot":{"x":15.060624122619629,"y":-0.15982437133789063,"z":-1.430872917175293},"rotation":{"x":0.39870649576187136,"y":0.08474167436361313,"z":-0.03742332011461258,"w":0.9126496911048889},"size":4.213044166564941,"orthographic":false}