{"cameraMode":{"drawMode":0,"name":"Shaded","section":"Shading Mode"},"sceneLighting":true,"audioPlay":false,"sceneViewState":{"m_AlwaysRefresh":false,"showFog":true,"showSkybox":true,"showFlares":true,"showImageEffects":true,"showParticleSystems":true,"showVisualEffectGraphs":true,"m_FxEnabled":true},"in2DMode":false,"pivot":{"x":8.660812377929688,"y":4.943048000335693,"z":1.4160425662994385},"rotation":{"x":-0.014299062080681324,"y":-0.9854990839958191,"z":0.10925859957933426,"w":-0.1293400526046753},"size":1.4640212059020997,"orthographic":false}