{"cameraMode":{"drawMode":0,"name":"Shaded","section":"Shading Mode"},"sceneLighting":true,"audioPlay":false,"sceneViewState":{"m_AlwaysRefresh":false,"showFog":true,"showSkybox":true,"showFlares":true,"showImageEffects":true,"showParticleSystems":true,"showVisualEffectGraphs":true,"m_FxEnabled":true},"in2DMode":false,"pivot":{"x":0.8116188049316406,"y":2.1239302158355715,"z":0.9318950176239014},"rotation":{"x":-0.02561907283961773,"y":0.9522305727005005,"z":-0.08335066586732865,"w":-0.2926808297634125},"size":2.983203887939453,"orthographic":false}