{"cameraMode":{"drawMode":0,"name":"Shaded","section":"Shading Mode"},"sceneLighting":false,"audioPlay":false,"sceneViewState":{"m_AlwaysRefresh":false,"showFog":true,"showSkybox":true,"showFlares":true,"showImageEffects":true,"showParticleSystems":true,"showVisualEffectGraphs":true,"m_FxEnabled":true},"in2DMode":false,"pivot":{"x":13.613536834716797,"y":2.410825252532959,"z":-39.2447624206543},"rotation":{"x":0.4247554838657379,"y":0.032326649874448779,"z":-0.015201201662421227,"w":0.9047918915748596},"size":1.2857494354248047,"orthographic":false}